{"Recall": 0.7304347826086957, "Precision": 0.7043409179223695, "F1": 0.7033442942394349}